accepted_flag,avg_emp_length,avg_dti,count
0,1.55415141687645,,27648741
1,5.967840338945256,2.828957118048713,1345350
